{
    "skills": {
        "org.antigravity.youtube.analyzer": {
            "latest": "1.0.0",
            "versions": {
                "1.0.0": {
                    "url": "https://github.com/antigravity/skills/releases/download/v1.0.0/youtube-skill.zip",
                    "checksum": "sha256:..."
                }
            },
            "description": "Analyzes YouTube videos and extracts transcripts."
        },
        "org.antigravity.google.drive": {
            "latest": "0.1.0",
            "versions": {
                "0.1.0": {
                    "url": "local",
                    "checksum": "sha256:..."
                }
            },
            "description": "Search and manage Google Drive files."
        },
        "org.antigravity.notion": {
            "latest": "0.0.1",
            "versions": {
                "0.0.1": {
                    "url": "mock",
                    "checksum": "mock"
                }
            },
            "description": "[MOCK] Notion integration skill."
        }
    }
}